site,sequence position,residue,BEB prob classe 1,Best BEB prob,BEB prob classe 11,Best class,Postmean w,SD w
1,27,L,0.03585,0.63683,0.0,2,0.183,0.062
2,28,L,0.96898,0.96898,0.0,1,0.053,0.018
3,51,S,0.0,0.43402,0.0,4,0.356,0.093
4,54,K,0.99981,0.99981,0.0,1,0.05,0.001
5,58,S,0.92044,0.92044,0.0,1,0.058,0.029
6,59,A,0.0,0.41161,0.0,4,0.334,0.091
7,60,C,0.99995,0.99995,0.0,1,0.05,0.001
8,61,R,1.0,1.0,0.0,1,0.05,0.0
9,62,R,1.0,1.0,0.0,1,0.05,0.0
10,63,K,1.0,1.0,0.0,1,0.05,0.0
11,64,R,1.0,1.0,0.0,1,0.05,0.0
12,65,E,1.0,1.0,0.0,1,0.05,0.0
13,66,F,1.0,1.0,0.0,1,0.05,0.0
14,67,I,1.0,1.0,0.0,1,0.05,0.0
15,68,P,1.0,1.0,0.0,1,0.05,0.0
16,69,D,1.0,1.0,0.0,1,0.05,0.0
17,70,E,0.99998,0.99998,0.0,1,0.05,0.0
18,71,K,1.0,1.0,0.0,1,0.05,0.0
19,72,K,1.0,1.0,0.0,1,0.05,0.0
20,73,D,1.0,1.0,0.0,1,0.05,0.0
21,74,A,0.99869,0.99869,0.0,1,0.05,0.004
22,75,M,0.29661,0.68993,0.0,2,0.122,0.048
23,76,Y,1.0,1.0,0.0,1,0.05,0.0
24,77,W,1.0,1.0,0.0,1,0.05,0.0
25,78,E,1.0,1.0,0.0,1,0.05,0.0
26,79,K,1.0,1.0,0.0,1,0.05,0.0
27,80,R,1.0,1.0,0.0,1,0.05,0.0
28,81,R,1.0,1.0,0.0,1,0.05,0.0
29,82,K,1.0,1.0,0.0,1,0.05,0.0
30,83,N,1.0,1.0,0.0,1,0.05,0.0
31,84,N,1.0,1.0,0.0,1,0.05,0.0
32,85,E,1.0,1.0,0.0,1,0.05,0.0
33,86,A,1.0,1.0,0.0,1,0.05,0.0
34,87,A,1.0,1.0,0.0,1,0.05,0.0
35,88,K,1.0,1.0,0.0,1,0.05,0.0
36,89,R,1.0,1.0,0.0,1,0.05,0.0
37,90,S,1.0,1.0,0.0,1,0.05,0.0
38,91,R,1.0,1.0,0.0,1,0.05,0.0
39,92,E,1.0,1.0,0.0,1,0.05,0.0
40,93,K,1.0,1.0,0.0,1,0.05,0.0
41,94,R,1.0,1.0,0.0,1,0.05,0.0
42,95,R,1.0,1.0,0.0,1,0.05,0.0
43,96,L,0.99986,0.99986,0.0,1,0.05,0.001
44,97,N,1.0,1.0,0.0,1,0.05,0.0
45,98,D,1.0,1.0,0.0,1,0.05,0.0
46,99,L,1.0,1.0,0.0,1,0.05,0.0
47,100,V,1.0,1.0,0.0,1,0.05,0.0
48,101,L,1.0,1.0,0.0,1,0.05,0.0
49,102,E,1.0,1.0,0.0,1,0.05,0.0
50,103,N,0.99781,0.99781,0.0,1,0.05,0.005
51,104,K,1.0,1.0,0.0,1,0.05,0.0
52,105,L,0.99999,0.99999,0.0,1,0.05,0.0
53,106,I,0.99884,0.99884,0.0,1,0.05,0.003
54,107,A,1.0,1.0,0.0,1,0.05,0.0
55,108,L,1.0,1.0,0.0,1,0.05,0.0
56,109,G,0.99996,0.99996,0.0,1,0.05,0.001
57,110,E,1.0,1.0,0.0,1,0.05,0.0
58,111,E,1.0,1.0,0.0,1,0.05,0.0
59,112,N,1.0,1.0,0.0,1,0.05,0.0
60,113,A,0.98811,0.98811,0.0,1,0.051,0.011
61,114,T,0.22576,0.67368,0.0,2,0.138,0.058
62,115,L,1.0,1.0,0.0,1,0.05,0.0
63,116,K,1.0,1.0,0.0,1,0.05,0.0
64,117,A,0.99745,0.99745,0.0,1,0.05,0.005
65,118,E,1.0,1.0,0.0,1,0.05,0.0
66,119,L,1.0,1.0,0.0,1,0.05,0.0
67,120,L,0.99821,0.99821,0.0,1,0.05,0.004
68,121,S,0.99996,0.99996,0.0,1,0.05,0.001
69,122,L,0.99997,0.99997,0.0,1,0.05,0.001
70,123,K,1.0,1.0,0.0,1,0.05,0.0
71,124,L,0.99993,0.99993,0.0,1,0.05,0.001
72,125,K,1.0,1.0,0.0,1,0.05,0.0
73,126,F,1.0,1.0,0.0,1,0.05,0.0
74,127,G,1.0,1.0,0.0,1,0.05,0.0
75,128,L,0.99984,0.99984,0.0,1,0.05,0.001
76,129,I,0.45112,0.52377,0.0,2,0.107,0.054
77,130,S,0.99999,0.99999,0.0,1,0.05,0.0
78,131,S,0.9944,0.9944,0.0,1,0.051,0.008
79,132,T,0.18221,0.67411,0.0,2,0.147,0.06
80,133,A,0.00181,0.58731,0.0,2,0.197,0.061
81,134,Y,0.99971,0.99971,0.0,1,0.05,0.002
82,135,A,0.58877,0.58877,0.0,1,0.092,0.052
83,139,Q,0.9996,0.9996,0.0,1,0.05,0.002
84,140,K,0.99263,0.99263,0.0,1,0.051,0.009
85,141,L,0.92195,0.92195,0.0,1,0.058,0.029
86,142,S,0.98208,0.98208,0.0,1,0.052,0.014
87,143,N,0.00151,0.65224,0.0,2,0.187,0.053
88,144,S,0.00036,0.51855,0.0,3,0.235,0.073
89,150,Q,0.99851,0.99851,0.0,1,0.05,0.004
90,151,D,0.83645,0.83645,0.0,1,0.067,0.038
91,152,Y,0.96423,0.96423,0.0,1,0.054,0.02
92,186,S,0.05502,0.71146,0.0,2,0.17,0.057
93,187,L,0.1211,0.75656,0.0,2,0.151,0.051
94,188,S,0.02279,0.67039,0.0,2,0.182,0.058
95,212,E,0.0,0.65373,0.0,3,0.26,0.063
96,241,T,0.0,0.41728,0.0,4,0.324,0.083
97,242,S,0.01673,0.59265,0.0,2,0.192,0.061
98,250,S,0.0,0.45386,0.0,4,0.321,0.073
99,252,F,0.99509,0.99509,0.0,1,0.05,0.007
100,253,S,0.0,0.29413,8e-05,7,0.623,0.124
101,259,P,0.95404,0.95404,0.0,1,0.055,0.022
102,261,L,0.00446,0.48538,0.0,2,0.211,0.069
103,307,R,0.00023,0.50278,0.0,3,0.219,0.065
104,308,V,0.0,0.46809,0.0,4,0.349,0.085
105,315,V,0.98003,0.98003,0.0,1,0.052,0.014
106,316,P,0.99376,0.99376,0.0,1,0.051,0.008
107,319,N,6e-05,0.51672,0.0,3,0.213,0.059
108,320,P,0.63796,0.63796,0.0,1,0.088,0.051
109,322,A,0.99731,0.99731,0.0,1,0.05,0.005
110,323,L,1.0,1.0,0.0,1,0.05,0.0
111,324,P,1.0,1.0,0.0,1,0.05,0.0
112,325,H,1.0,1.0,0.0,1,0.05,0.0
113,326,K,1.0,1.0,0.0,1,0.05,0.0
114,327,L,1.0,1.0,0.0,1,0.05,0.0
115,328,R,1.0,1.0,0.0,1,0.05,0.0
116,329,I,0.99998,0.99998,0.0,1,0.05,0.0
117,330,K,1.0,1.0,0.0,1,0.05,0.0
118,331,A,0.77178,0.77178,0.0,1,0.073,0.044
119,332,K,0.99888,0.99888,0.0,1,0.05,0.003
120,333,A,0.99827,0.99827,0.0,1,0.05,0.004
121,334,M,0.99982,0.99982,0.0,1,0.05,0.001
122,335,Q,0.99894,0.99894,0.0,1,0.05,0.003
123,337,K,1.0,1.0,0.0,1,0.05,0.0
124,338,V,0.99525,0.99525,0.0,1,0.05,0.007
125,339,E,1.0,1.0,0.0,1,0.05,0.0
126,340,A,0.00317,0.527,0.0,2,0.207,0.07
127,342,D,0.76281,0.76281,0.0,1,0.074,0.043
128,343,S,0.00067,0.54349,0.0,2,0.201,0.062
