Position;Name;AIUPred;pLDDT;Quality;Conservation;Consensus;BEB classe 1;Postmean W;sd W
1;M;57.874376000000005;33.17999999999999;34.67216689936395;0.0;71.64179;0.0;;
2;Q;65.21854;58.83;20.680178669737433;0.0;70.149254;0.0;;
3;L;63.76602;49.67;31.79684342956815;0.0;70.149254;0.0;;
4;R;60.909504000000005;30.779999999999994;35.14175545058376;27.27272727272727;70.149254;0.0;;
5;K;61.483;51.13;29.303424123516127;9.090909090909092;67.16418;0.0;;
6;M;65.458095;62.510000000000005;93.94219581100582;90.9090909090909;97.01492;99.994;0.05;0.001
7;Q;59.595299999999995;47.58;86.75480626836845;63.63636363636363;94.029854;99.431;0.051;0.008
8;T;62.887389999999996;55.419999999999995;78.22498839150975;63.63636363636363;50.74627;0.001;0.299;0.084
9;I;65.598655;53.410000000000004;94.24907244167363;81.81818181818183;65.67164;2.182;0.177;0.054
10;K;59.407765;52.21;98.5396695988687;90.9090909090909;97.01492;99.979;0.05;0.001
11;K;68.52209;42.91;69.48994432830239;54.54545454545454;68.656715;56.138;0.095;0.053
12;E;68.551004;45.3;100.0;100.0;100.0;99.994;0.05;0.001
13;P;54.857093;38.120000000000005;16.569525111341548;18.181818181818183;53.731342;0.0;;
14;A;71.03038000000001;45.93;38.31224815853186;27.27272727272727;59.701492;0.0;;
15;P;68.86691499999999;37.519999999999996;31.11657034112108;36.36363636363637;55.22388;0.0;;
16;L;59.45153;35.98;38.64678577877;0.0;32.83582;0.0;;
17;D;66.25424;46.57;55.972502950848416;36.36363636363637;71.64179;0.0;;
18;P;63.352966;32.85;63.230885868509965;54.54545454545454;43.28358;0.0;0.373;0.096
19;T;76.46758;40.040000000000006;30.331092656033643;9.090909090909092;40.298508;0.0;;
20;S;62.030770000000004;39.029999999999994;26.258722455781054;9.090909090909092;53.731342;0.0;;
21;S;68.179554;40.35;0.0;36.36363636363637;43.28358;0.0;;
22;S;74.85473999999999;49.300000000000004;34.032050773845725;45.45454545454545;53.731342;0.0;0.461;0.101
23;D;74.004024;57.08;76.29571876559194;81.81818181818183;73.13433;0.5579999999999999;0.173;0.046
24;K;54.259247;34.93;65.90863423231022;45.45454545454545;70.149254;2.4379999999999997;0.16;0.038
25;M;45.77238;41.68;53.16702980946357;63.63636363636363;35.820896;0.0;0.318;0.076
26;L;35.590288;50.37;85.93850113832566;72.72727272727273;58.208954;0.025;0.233;0.068
27;L;52.64042;44.14;79.05625809581093;63.63636363636363;79.10448;1.2510000000000001;0.19;0.06
28;L;27.393331999999997;42.0;96.90804572418543;90.9090909090909;97.01492;97.503;0.053;0.016
29;N;39.202768;47.129999999999995;31.414887572899552;0.0;40.298508;0.0;;
30;S;36.205658;58.77;41.64206373558288;9.090909090909092;67.16418;0.0;;
31;A;44.508913;47.64;63.76233924621272;72.72727272727273;58.208954;0.0;;
32;L;41.338822;36.72;81.2672752611851;90.9090909090909;88.0597;0.0;;
33;A;33.131915;51.279999999999994;33.87615968197669;0.0;38.80597;0.0;;
34;E;35.411453;47.54;41.488461901813295;36.36363636363637;49.25373;0.0;;
35;V;62.374157;39.22;35.2454809965995;9.090909090909092;62.686565;0.0;;
36;A;44.13352;42.44;36.25606185258897;18.181818181818183;64.17911;0.0;;
37;E;68.175507;47.519999999999996;17.74023429659934;27.27272727272727;64.17911;0.0;;
38;D;50.201463999999994;51.910000000000004;16.68032467587613;9.090909090909092;53.731342;0.0;;
39;L;71.89541;40.959999999999994;37.69123678856755;0.0;64.17911;0.0;;
40;A;56.72941;46.50999999999999;34.41582537750209;9.090909090909092;26.865671;0.0;;
41;S;60.75503;44.309999999999995;38.18274155747723;9.090909090909092;46.268658;0.0;;
42;G;57.991499999999995;38.76;46.03385981522311;63.63636363636363;46.268658;0.0;0.402;0.095
43;E;57.977796000000005;39.26;71.55893254532218;63.63636363636363;59.701492;41.686;0.11;0.053
44;D;62.96906;39.12;55.163213289174905;63.63636363636363;40.298508;0.001;0.265;0.067
45;L;72.267914;41.04;15.145530089053722;27.27272727272727;37.313435;0.3;0.203;0.063
46;L;54.77425;38.22;91.79626425781856;90.9090909090909;91.04478;18.876;0.154;0.069
47;L;52.73224;42.79;81.05363051279329;81.81818181818183;74.62687;0.001;0.292;0.08
48;N;52.60098;44.86;40.65396402710461;63.63636363636363;35.820896;0.0;;
49;E;48.696065;44.739999999999995;60.105225695793365;36.36363636363637;68.656715;0.015;0.234;0.067
50;G;63.004816;43.03;41.422682127493;0.0;55.22388;0.0;;
51;S;50.342935;45.92;64.3446363078339;63.63636363636363;70.149254;0.0;0.416;0.097
52;M;48.416740000000004;50.55;17.023089910822847;36.36363636363637;34.328358;0.0;0.452;0.104
53;G;47.889241999999996;54.11;17.547769932936866;54.54545454545454;58.208954;0.0;0.316;0.083
54;K;54.69832;50.54;91.35897903730577;90.9090909090909;97.01492;99.747;0.05;0.005
55;N;63.407904;60.30999999999999;43.277970738323184;54.54545454545454;43.28358;0.0;;
56;K;43.402183;53.620000000000005;89.85815936158605;90.9090909090909;95.522385;0.0;;
57;S;47.686866;56.75;48.125319685135224;9.090909090909092;74.62687;0.0;;
58;S;42.806768;64.72;80.87974711821175;72.72727272727273;82.089554;0.178;0.245;0.08
59;A;30.195729999999998;66.97999999999999;81.32594673086294;63.63636363636363;65.67164;0.0;0.37;0.097
60;C;58.39104699999999;76.08999999999999;100.0;100.0;100.0;99.696;0.05;0.006
61;R;53.164893;80.58000000000001;100.0;100.0;100.0;99.668;0.05;0.006
62;R;52.66746;82.75999999999999;100.0;100.0;100.0;99.955;0.05;0.002
63;K;43.457076;84.35;100.0;100.0;100.0;99.993;0.05;0.001
64;R;32.555526;87.11999999999999;100.0;100.0;100.0;99.71600000000001;0.05;0.005
65;E;44.020286;89.07000000000001;100.0;100.0;100.0;99.993;0.05;0.001
66;F;28.341103;91.47;100.0;100.0;100.0;99.922;0.05;0.003
67;I;37.496590000000005;93.9;100.0;100.0;100.0;99.978;0.05;0.001
68;P;38.632932;95.26;100.0;100.0;100.0;99.82900000000001;0.05;0.004
69;D;34.244375999999995;95.78999999999999;92.06365382366498;81.81818181818183;88.0597;99.87899999999999;0.05;0.003
70;E;24.67381;96.46000000000001;97.3209403238414;90.9090909090909;97.01492;99.94;0.05;0.002
71;K;29.381105;96.04;99.45279346719585;90.9090909090909;98.50746;99.984;0.05;0.001
72;K;44.466293;96.64;100.0;100.0;100.0;99.993;0.05;0.001
73;D;48.813057;96.74;100.0;100.0;100.0;99.996;0.05;0.001
74;A;37.076756;97.94000000000001;74.71670562889005;63.63636363636363;80.597015;75.199;0.076;0.046
75;M;26.332292000000002;97.86000000000001;87.24673829512619;72.72727272727273;74.62687;39.438;0.114;0.054
76;Y;35.494557;97.24999999999999;100.0;100.0;100.0;99.914;0.05;0.003
77;W;37.411362;97.57000000000001;100.0;100.0;100.0;99.178;0.051;0.009
78;E;44.095321999999996;98.3;100.0;100.0;100.0;99.993;0.05;0.001
79;K;69.24149;97.87;94.61649836663544;81.81818181818183;82.089554;99.876;0.05;0.004
80;R;63.865536;97.15;100.0;100.0;100.0;99.924;0.05;0.003
81;R;64.049894;98.47999999999999;100.0;100.0;100.0;99.75500000000001;0.05;0.005
82;K;58.33667;98.52;100.0;100.0;100.0;99.993;0.05;0.001
83;N;53.719527;98.21;100.0;100.0;100.0;99.996;0.05;0.001
84;N;61.476445;98.49999999999999;100.0;100.0;100.0;99.996;0.05;0.001
85;E;66.148067;98.6;100.0;100.0;100.0;99.993;0.05;0.001
86;A;74.30252;98.62;100.0;100.0;100.0;99.947;0.05;0.002
87;A;65.415406;98.56999999999998;100.0;100.0;100.0;99.931;0.05;0.003
88;K;59.60233;98.67;100.0;100.0;100.0;99.993;0.05;0.001
89;R;45.102128;98.58;100.0;100.0;100.0;99.888;0.05;0.003
90;S;35.88361;98.6;100.0;100.0;100.0;99.75500000000001;0.05;0.005
91;R;36.678264;98.34;100.0;100.0;100.0;99.77000000000001;0.05;0.005
92;E;43.763012;98.42999999999999;100.0;100.0;100.0;99.994;0.05;0.001
93;K;38.954186;98.52;100.0;100.0;100.0;99.994;0.05;0.001
94;R;30.456139999999998;98.2;100.0;100.0;100.0;99.632;0.05;0.006
95;R;23.872219;98.13000000000001;100.0;100.0;100.0;99.626;0.05;0.006
96;L;29.831229999999998;98.15;95.3027430428576;90.9090909090909;86.56716;94.146;0.056;0.025
97;N;28.003472000000002;98.28;100.0;100.0;100.0;99.997;0.05;0.001
98;D;29.748765;97.81;100.0;100.0;100.0;99.996;0.05;0.001
99;L;30.10875;97.3;93.65542667313778;81.81818181818183;70.149254;99.658;0.05;0.006
100;V;23.774946999999997;98.09;100.0;100.0;100.0;99.949;0.05;0.002
101;L;18.381472;97.73999999999998;100.0;100.0;100.0;99.578;0.05;0.007
102;E;13.523312;96.46000000000001;100.0;100.0;100.0;99.994;0.05;0.001
103;N;15.396303;97.0;94.01436546380923;81.81818181818183;94.029854;99.602;0.05;0.006
104;K;13.621384;97.33;100.0;100.0;100.0;99.993;0.05;0.001
105;L;14.980552999999999;96.0;99.61540991408054;90.9090909090909;98.50746;98.923;0.051;0.011
106;I;14.230773999999998;95.22;89.30882181432987;81.81818181818183;73.13433;97.155;0.053;0.017
107;A;11.041995;96.69000000000001;100.0;100.0;100.0;99.936;0.05;0.003
108;L;13.006212;96.68;100.0;100.0;100.0;99.64699999999999;0.05;0.006
109;G;11.31927;95.16;100.0;100.0;100.0;99.902;0.05;0.003
110;E;13.607064999999999;95.57000000000001;98.77956696836873;90.9090909090909;98.50746;99.978;0.05;0.001
111;E;12.7167;97.13;100.0;100.0;100.0;99.993;0.05;0.001
112;N;13.444244999999999;96.4;100.0;100.0;100.0;99.996;0.05;0.001
113;A;12.320693;95.92999999999999;94.48370029771431;72.72727272727273;92.537315;84.162;0.066;0.039
114;T;13.056561;96.5;80.35782264547827;45.45454545454545;71.64179;3.1119999999999997;0.188;0.065
115;L;12.367704;97.26000000000002;100.0;100.0;100.0;99.599;0.05;0.006
116;K;12.3098195;96.63000000000001;99.45279346719585;90.9090909090909;98.50746;99.977;0.05;0.002
117;A;11.206854;96.3;90.62527181643188;72.72727272727273;86.56716;34.381;0.122;0.058
118;E;16.937472;96.9;100.0;100.0;100.0;99.994;0.05;0.001
119;L;12.195166;96.53;100.0;100.0;100.0;99.696;0.05;0.006
120;L;16.710169999999998;95.9;100.0;100.0;100.0;99.79;0.05;0.005
121;S;9.862511999999999;97.04999999999998;92.83852021723476;72.72727272727273;94.029854;92.339;0.058;0.028
122;L;14.685963;96.17;99.43831417345625;90.9090909090909;98.50746;98.882;0.051;0.011
123;K;17.285898;95.70000000000002;100.0;100.0;100.0;99.993;0.05;0.001
124;L;10.150889000000001;95.9;96.68567647603213;90.9090909090909;98.50746;98.703;0.051;0.012
125;K;16.489634;95.41;99.45279346719585;90.9090909090909;98.50746;99.982;0.05;0.001
126;F;11.9804755;94.86000000000001;100.0;100.0;100.0;99.934;0.05;0.003
127;G;10.7151315;95.97;100.0;100.0;100.0;99.913;0.05;0.003
128;L;13.562071000000001;95.8;100.0;100.0;100.0;99.514;0.05;0.007
129;I;9.868001;95.35;96.32410029123687;81.81818181818183;80.597015;91.377;0.059;0.029
130;S;12.4883525;96.66;97.26850892866044;72.72727272727273;95.522385;99.882;0.05;0.003
131;S;11.045722;96.86;89.20942370459244;72.72727272727273;91.04478;76.483;0.076;0.048
132;T;12.328489;97.05;79.71417715914356;63.63636363636363;50.74627;8.795;0.162;0.056
133;A;11.87905;96.61;77.17414507682649;45.45454545454545;83.58209;0.264;0.214;0.068
134;Y;11.640105;96.28;100.0;100.0;100.0;99.92;0.05;0.003
135;A;11.736277000000001;96.13;90.99655361160266;72.72727272727273;88.0597;37.836999999999996;0.118;0.058
136;Q;11.542402000000001;96.38;98.80353560616574;90.9090909090909;98.50746;99.802;0.05;0.004
137;E;14.149368;95.6;100.0;100.0;100.0;99.994;0.05;0.001
138;I;12.716549999999998;95.83;93.4125965213721;81.81818181818183;70.149254;69.816;0.082;0.049
139;Q;14.61614;96.38;97.75315119806002;90.9090909090909;95.522385;99.543;0.05;0.007
140;K;13.319049999999999;96.28;90.41683855882867;54.54545454545454;91.04478;99.503;0.05;0.007
141;L;13.206796;94.94;96.64361003975765;81.81818181818183;88.0597;9.775;0.169;0.065
142;S;12.132638;94.32000000000001;78.57815656383836;63.63636363636363;82.089554;3.63;0.174;0.055
143;N;12.937584999999999;95.46000000000001;57.559602337933846;36.36363636363637;52.238808;0.28700000000000003;0.186;0.054
144;S;22.162506;93.16;79.64584227739616;72.72727272727273;85.07462;0.847;0.214;0.072
145;T;12.098987999999999;90.95;85.44798802960653;63.63636363636363;79.10448;0.9259999999999999;0.198;0.064
146;A;16.932894;90.69999999999999;67.62686274531524;63.63636363636363;65.67164;0.003;0.274;0.077
147;V;15.023449;89.83;50.80565269517678;36.36363636363637;65.67164;0.0;0.287;0.075
148;Y;11.6294704;79.41999999999999;52.878248867357904;54.54545454545454;74.62687;7.088;0.169;0.059
149;F;19.493153999999997;81.68;87.71656368433831;81.81818181818183;80.597015;60.037;0.092;0.054
150;Q;18.50895;87.13;97.42865149985703;90.9090909090909;98.50746;99.818;0.05;0.004
151;D;17.337391;83.21000000000001;80.39192415149887;81.81818181818183;67.16418;16.002;0.139;0.045
152;Y;18.849626;79.0;79.67167819023281;81.81818181818183;79.10448;63.487;0.089;0.054
153;Q;21.440439;86.32000000000001;31.795428731360147;36.36363636363637;61.19403;0.0;0.362;0.093
154;T;25.946324999999998;83.31000000000002;50.23235705970009;54.54545454545454;32.83582;0.0;0.385;0.096
155;S;33.950092999999995;76.92999999999999;64.08691542884529;54.54545454545454;65.67164;0.0;;
156;K;30.290446;69.7;59.36154912513153;36.36363636363637;68.656715;0.001;0.265;0.07
157;A;30.639556000000002;74.91999999999999;53.20028523944927;36.36363636363637;55.22388;0.0;0.61;0.127
158;A;19.314317;67.53;34.60625050802804;9.090909090909092;40.298508;0.0;;
159;V;29.42955;60.23;23.905338228125835;0.0;35.820896;0.0;;
160;S;28.79542;66.35;46.51114691989026;63.63636363636363;37.313435;0.0;0.418;0.095
161;S;33.492625;60.00999999999999;73.33176777618145;54.54545454545454;70.149254;0.0;0.394;0.101
162;F;25.275219999999997;48.230000000000004;69.68545435469902;45.45454545454545;79.10448;3.9079999999999995;0.173;0.055
163;V;36.437222000000006;47.989999999999995;37.53926486436646;36.36363636363637;46.268658;0.0;0.485;0.11
164;D;58.409670000000006;44.96;48.85987509195934;45.45454545454545;67.16418;0.002;0.252;0.067
165;E;51.492167;39.89;78.39960498165772;81.81818181818183;74.62687;88.188;0.062;0.033
166;H;35.857022;37.86;21.623946947867736;18.181818181818183;70.149254;0.0;;
167;E;56.48156399999999;33.519999999999996;64.12710404050362;27.27272727272727;91.04478;0.0;;
168;P;23.745167000000002;33.37;51.672408537413574;0.0;74.62687;0.0;;
169;A;39.26467;30.15;41.24032531307055;0.0;55.22388;0.0;;
170;M;57.480399999999996;29.379999999999995;29.967243037503692;9.090909090909092;38.80597;0.0;;
171;V;47.427788;26.559999999999995;79.7319848442674;63.63636363636363;65.67164;2.029;0.191;0.063
172;A;37.801135;26.25;49.64557590058965;36.36363636363637;43.28358;0.0;0.343;0.088
173;G;36.545044;28.05;81.26633107408878;63.63636363636363;82.089554;3.5249999999999995;0.166;0.047
174;S;39.2308;26.5;84.41320117034891;72.72727272727273;86.56716;96.381;0.054;0.019
175;C;38.45559;23.690000000000005;100.0;100.0;100.0;99.682;0.05;0.006
176;I;38.192347;29.309999999999995;100.0;100.0;100.0;99.98;0.05;0.001
177;S;34.143287;29.419999999999998;100.0;100.0;100.0;99.714;0.05;0.005
178;V;53.126039999999996;27.7;100.0;100.0;100.0;99.932;0.05;0.003
179;I;41.294193;30.830000000000002;100.0;100.0;100.0;99.97399999999999;0.05;0.002
180;K;48.152193;31.77;98.92346319176275;90.9090909090909;97.01492;99.981;0.05;0.001
181;H;55.42136;31.18;100.0;100.0;100.0;99.982;0.05;0.001
182;S;62.078160000000004;32.17;100.0;100.0;100.0;99.658;0.05;0.006
183;P;72.16863000000001;27.330000000000002;98.50542039877715;90.9090909090909;98.50746;99.467;0.051;0.007
184;Q;80.709964;30.0;53.269042104256506;27.27272727272727;71.64179;3.422;0.172;0.053
185;S;79.56253;30.660000000000004;69.0146331593128;45.45454545454545;77.61194;21.783;0.135;0.052
186;S;79.98312;26.360000000000003;80.89095604323785;54.54545454545454;82.089554;12.866;0.16;0.063
187;L;84.825814;25.7;62.58772566269406;45.45454545454545;73.13433;36.0;0.124;0.063
188;S;78.93090000000001;33.55;86.10963109344196;63.63636363636363;86.56716;34.876000000000005;0.125;0.063
189;D;75.348383;25.929999999999996;52.98509761549505;54.54545454545454;86.56716;0.0;;
190;V;75.96174;26.54;42.870968077139764;9.090909090909092;65.67164;0.0;;
191;S;84.42108999999999;28.379999999999995;55.81017134252908;18.181818181818183;85.07462;0.0;;
192;E;79.33138600000001;23.52;43.38580850925675;27.27272727272727;82.089554;0.0;;
193;V;82.365376;29.580000000000002;37.76803032074879;0.0;47.761192;0.0;;
194;S;84.05854000000001;29.809999999999995;52.55244629645777;27.27272727272727;86.56716;0.0;;
195;S;82.325834;24.589999999999996;36.984760134542974;27.27272727272727;73.13433;0.0;;
196;V;78.996116;23.95;31.63898167680982;0.0;43.28358;0.0;;
197;E;83.18133;22.169999999999995;14.000459012073305;0.0;64.17911;0.0;;
198;H;82.255346;19.37;14.20326037826456;0.0;64.17911;0.0;;
199;T;82.398903;29.869999999999997;43.92900356559861;9.090909090909092;46.268658;0.0;;
200;Q;86.223745;19.46;48.902498545872746;0.0;74.62687;0.0;;
201;E;90.35139;22.440000000000005;14.483712957206116;0.0;35.820896;0.0;;
202;S;74.6649;31.889999999999997;35.15262362428906;9.090909090909092;58.208954;0.0;;
203;P;82.04911;27.859999999999996;30.998712054953586;0.0;52.238808;0.0;;
204;A;85.747266;36.11;27.0512884013156;0.0;32.83582;0.0;;
205;Q;84.825987;20.16;33.25084513976;0.0;70.149254;0.0;;
206;G;83.8109;36.370000000000005;35.714351649138806;9.090909090909092;32.83582;0.0;;
207;G;81.52771;37.13;20.042829170655065;45.45454545454545;38.80597;0.0;;
208;C;85.105634;27.53;77.20778767626958;63.63636363636363;91.04478;0.0;;
209;R;91.17064;20.68;51.841286157948154;27.27272727272727;67.16418;0.0;;
210;S;89.382184;31.429999999999996;71.86597269442566;72.72727272727273;68.656715;0.0;;
211;P;86.1881;24.07;76.76390369565907;63.63636363636363;80.597015;5.361;0.176;0.061
212;E;81.41696;26.840000000000003;69.02425437307637;63.63636363636363;70.149254;0.0;0.27;0.069
213;N;86.801285;29.05;18.15935525630275;9.090909090909092;46.268658;0.0;;
214;K;87.46301;29.24;32.688425062692176;9.090909090909092;71.64179;0.0;;
215;F;89.244556;26.48;35.93298634721283;18.181818181818183;74.62687;0.0;;
216;P;87.680745;26.610000000000003;23.456253306303207;9.090909090909092;67.16418;0.0;;
217;V;92.353004;28.409999999999997;36.93568666956041;9.090909090909092;31.343283;0.0;;
218;I;81.90933;37.589999999999996;98.16258026183732;81.81818181818183;86.56716;97.506;0.053;0.016
219;K;81.60731;29.8;100.0;100.0;100.0;99.994;0.05;0.001
220;Q;86.41929;31.659999999999997;96.96412199804547;90.9090909090909;95.522385;99.401;0.051;0.008
221;E;92.35171;24.3;100.0;100.0;100.0;99.994;0.05;0.001
222;P;93.505675;27.32;93.30531787799276;90.9090909090909;95.522385;94.76;0.055;0.023
223;V;93.96441;28.43;69.29157536667559;63.63636363636363;53.731342;0.0;0.295;0.07
224;E;96.37956;21.950000000000003;97.3209403238414;90.9090909090909;97.01492;99.935;0.05;0.003
225;L;92.956823;28.49;36.75712453780327;54.54545454545454;70.149254;0.025;0.259;0.08
226;E;95.97096400000001;22.109999999999996;42.261603439626114;27.27272727272727;68.656715;0.0;;
227;S;96.2454;28.790000000000003;27.421925617362536;9.090909090909092;40.298508;0.0;;
228;F;95.52647;26.6;23.886646488491703;9.090909090909092;62.686565;0.0;;
229;A;96.48537;30.170000000000005;38.55584315459343;0.0;44.77612;0.0;;
230;R;97.60828000000001;22.740000000000002;89.14131563873966;72.72727272727273;85.07462;61.79;0.091;0.054
231;E;98.439157;20.84;78.43761510576978;81.81818181818183;77.61194;85.128;0.065;0.036
232;A;96.79031;29.18;34.704604209692455;9.090909090909092;50.74627;0.0;;
233;R;98.10884;26.99;39.83307827094762;0.0;74.62687;0.0;;
234;E;97.2498;18.23;24.982631440997775;27.27272727272727;65.67164;0.0;;
235;E;97.715944;22.229999999999997;15.735720343808588;27.27272727272727;49.25373;0.0;;
236;R;97.525126;25.450000000000003;29.704126050137813;0.0;56.71642;0.0;;
237;G;97.546285;31.96;59.069790037581285;36.36363636363637;70.149254;0.0;;
238;T;98.58963;31.78;58.13799658373065;63.63636363636363;55.22388;0.0;;
239;Y;97.818345;29.369999999999997;34.559990615096744;45.45454545454545;64.17911;0.0;;
240;S;97.74145;31.910000000000004;29.282310728597533;18.181818181818183;20.895523;0.0;;
241;T;97.661144;30.839999999999996;36.577491624031865;45.45454545454545;47.761192;0.0;0.361;0.093
242;S;96.829724;30.379999999999995;66.56118672607977;36.36363636363637;61.19403;1.2510000000000001;0.19;0.061
243;I;96.580184;30.68;86.69387718932063;72.72727272727273;38.80597;0.005;0.285;0.08
244;Y;95.579296;28.49;91.37962983329506;81.81818181818183;89.55224;81.58800000000001;0.069;0.041
245;Q;96.637124;31.93;44.26108840930162;36.36363636363637;38.80597;0.061;0.241;0.075
246;S;94.618803;27.82;77.02306986662751;81.81818181818183;83.58209;21.992;0.132;0.047
247;Y;96.93721;26.7;57.27635675861519;54.54545454545454;74.62687;25.279;0.135;0.059
248;M;92.94172499999999;33.95;78.85590053901478;72.72727272727273;59.701492;0.0;0.261;0.061
249;G;95.04344999999999;25.71;71.61481365201705;72.72727272727273;77.61194;1.1159999999999999;0.191;0.06
250;S;97.83952000000001;24.119999999999997;63.2397686119189;63.63636363636363;47.761192;0.0;0.358;0.083
251;S;97.240055;23.15;49.39711280245438;54.54545454545454;34.328358;0.0;0.351;0.094
252;F;98.22374;22.55;87.4559363970253;72.72727272727273;89.55224;99.11999999999999;0.051;0.009
253;S;98.126364;25.050000000000004;38.927488910153315;63.63636363636363;35.820896;0.0;0.571;0.119
254;T;96.027744;24.28;38.42737568682358;27.27272727272727;61.19403;0.0;0.402;0.096
255;Y;92.856646;20.96;86.92052956553098;81.81818181818183;92.537315;79.955;0.071;0.043
256;S;96.92516;29.43;90.97436257744509;72.72727272727273;88.0597;8.036999999999999;0.177;0.068
257;H;81.654257;24.21;67.46928899599523;54.54545454545454;79.10448;0.0;;
258;S;84.99898999999999;31.339999999999996;63.71329690248082;63.63636363636363;79.10448;0.0;;
259;P;94.779646;26.2;76.93151009222598;54.54545454545454;80.597015;69.635;0.083;0.051
260;P;93.2234;25.869999999999997;80.2559506600527;63.63636363636363;86.56716;0.0;;
261;L;97.04705;20.57;64.27862233291542;36.36363636363637;74.62687;0.749;0.219;0.074
262;L;95.69045299999999;24.06;96.98835965004311;90.9090909090909;94.029854;76.716;0.075;0.048
263;Q;88.20335;34.39999999999999;79.57807179799121;27.27272727272727;89.55224;86.127;0.064;0.036
264;V;95.41256;28.3;80.86017237902496;63.63636363636363;58.208954;0.001;0.282;0.075
265;H;90.589184;35.21;45.16904878741322;63.63636363636363;56.71642;0.10200000000000001;0.208;0.063
266;G;95.091724;33.72;88.15911841831043;54.54545454545454;91.04478;85.263;0.065;0.037
267;S;96.21376000000001;36.03000000000001;100.0;100.0;100.0;97.214;0.053;0.017
268;T;90.295744;37.239999999999995;93.69946060542858;90.9090909090909;95.522385;92.742;0.058;0.028
269;S;95.624864;36.16;98.56109578873038;90.9090909090909;98.50746;99.907;0.05;0.003
270;N;95.86515;39.16;96.05998109410395;90.9090909090909;95.522385;99.87700000000001;0.05;0.004
271;S;95.867616;32.910000000000004;100.0;100.0;100.0;99.76;0.05;0.005
272;P;98.43795;35.69;100.0;100.0;100.0;99.822;0.05;0.004
273;R;95.11864;30.47;98.57747400623911;90.9090909090909;98.50746;99.81400000000001;0.05;0.004
274;T;97.26941599999999;40.46;94.69464962931163;72.72727272727273;89.55224;98.38;0.052;0.013
275;S;96.85629999999999;38.019999999999996;100.0;100.0;100.0;99.57300000000001;0.05;0.007
276;E;96.8236;30.3;39.19758180497662;27.27272727272727;82.089554;0.0;;
277;A;97.66325;34.480000000000004;46.32075871288203;18.181818181818183;53.731342;0.0;;
278;D;94.80108;38.92;91.21745646862315;81.81818181818183;94.029854;99.654;0.05;0.006
279;E;94.401926;28.620000000000005;85.58188852927141;81.81818181818183;76.1194;25.936999999999998;0.127;0.048
280;G;95.73313;35.92;74.41643830789644;54.54545454545454;85.07462;11.328000000000001;0.155;0.054
281;V;95.98020000000001;35.11;66.414526513644;63.63636363636363;58.208954;0.263;0.213;0.067
282;V;98.088926;34.779999999999994;97.51806971023002;90.9090909090909;92.537315;98.422;0.052;0.013
283;G;96.396583;35.339999999999996;89.0717464565423;72.72727272727273;83.58209;97.393;0.053;0.016
284;K;96.850103;34.11;100.0;100.0;100.0;99.994;0.05;0.001
285;S;93.92674600000001;36.15;87.54511196713891;63.63636363636363;86.56716;0.079;0.269;0.087
286;S;97.303367;34.14;94.62352965936945;54.54545454545454;95.522385;97.276;0.053;0.017
287;D;94.583064;29.419999999999998;97.90087691772179;90.9090909090909;97.01492;99.988;0.05;0.001
288;G;93.077385;27.7;93.12848060199258;90.9090909090909;95.522385;92.47;0.058;0.027
289;E;94.61936;27.990000000000002;100.0;100.0;100.0;99.993;0.05;0.001
290;D;95.213854;23.16;100.0;100.0;100.0;99.996;0.05;0.001
291;E;92.04744000000001;26.03;100.0;100.0;100.0;99.994;0.05;0.001
292;Q;92.285836;25.860000000000003;100.0;100.0;100.0;99.94800000000001;0.05;0.002
293;Q;92.092854;28.6;98.80353560616574;90.9090909090909;98.50746;99.756;0.05;0.005
294;V;89.488333;41.64999999999999;100.0;100.0;100.0;99.941;0.05;0.002
295;P;90.4068;33.190000000000005;100.0;100.0;100.0;99.82;0.05;0.004
296;K;88.273984;37.73;99.45279346719585;90.9090909090909;98.50746;99.979;0.05;0.001
297;G;93.93874;37.86;100.0;100.0;100.0;99.91600000000001;0.05;0.003
298;P;86.53246;31.54;67.32925391759841;54.54545454545454;88.0597;94.379;0.056;0.024
299;I;92.27205000000001;35.34;86.09348496661612;63.63636363636363;79.10448;0.517;0.184;0.054
300;H;88.95752399999999;33.46;47.38496517611173;18.181818181818183;76.1194;67.50699999999999;0.084;0.051
301;S;86.560833;39.260000000000005;82.2114676322905;63.63636363636363;89.55224;4.429;0.181;0.063
302;P;87.34716999999999;27.55;72.79313804906788;54.54545454545454;80.597015;0.0;;
303;V;92.07287;28.01;69.82909738825715;72.72727272727273;73.13433;0.0;;
304;E;86.24354;24.52;67.67410902364884;36.36363636363637;79.10448;0.0;;
305;L;89.26388;30.96;9.133530578765063;9.090909090909092;58.208954;0.055;0.256;0.079
306;Q;89.533794;33.61;76.87939518433987;36.36363636363637;64.17911;0.173;0.2;0.061
307;R;89.89666;29.779999999999994;37.447546846317515;18.181818181818183;35.820896;0.011000000000000001;0.253;0.071
308;V;82.79064000000001;35.14999999999999;42.41185578285848;45.45454545454545;64.17911;0.0;0.311;0.083
309;H;61.22137;35.71;19.380828476176443;45.45454545454545;71.64179;3.964;0.165;0.048
310;A;74.42816;37.92;63.80646548729786;54.54545454545454;67.16418;0.016;0.251;0.074
311;T;80.31085;45.09;79.20751792359859;63.63636363636363;70.149254;26.368000000000002;0.134;0.059
312;V;75.600255;37.44;32.31466095217207;0.0;34.328358;0.0;;
313;V;76.72934500000001;43.43;67.13743096818685;36.36363636363637;77.61194;12.049;0.153;0.054
314;K;78.89516;48.64;99.45279346719585;90.9090909090909;98.50746;99.977;0.05;0.002
315;V;76.37288;53.1;98.53052839083564;90.9090909090909;98.50746;99.845;0.05;0.004
316;P;85.8159;53.15;98.50542039877715;90.9090909090909;98.50746;99.47500000000001;0.051;0.007
317;E;76.353043;58.4;88.31113781560575;81.81818181818183;85.07462;99.833;0.05;0.004
318;V;67.833525;64.9;64.29589726442624;54.54545454545454;70.149254;0.055999999999999994;0.237;0.073
319;N;83.03160000000001;73.6;63.85105854714291;81.81818181818183;68.656715;0.338;0.183;0.052
320;P;84.90416400000001;66.52000000000001;89.48565909033006;72.72727272727273;91.04478;84.315;0.067;0.04
321;S;74.833864;82.10999999999999;72.04145962463446;27.27272727272727;94.029854;0.0;;
322;A;76.19265299999999;76.92999999999999;100.0;100.0;100.0;99.939;0.05;0.002
323;L;72.40816;73.88;100.0;100.0;100.0;99.62299999999999;0.05;0.006
324;P;45.135298;76.32000000000001;100.0;100.0;100.0;99.83;0.05;0.004
325;H;74.72619;78.78;100.0;100.0;100.0;99.982;0.05;0.001
326;K;68.544596;79.56;100.0;100.0;100.0;99.994;0.05;0.001
327;L;71.298015;74.12;100.0;100.0;100.0;99.787;0.05;0.005
328;R;50.49181;74.58;100.0;100.0;100.0;99.64;0.05;0.006
329;I;71.91999;80.43;98.88261523157348;90.9090909090909;95.522385;99.201;0.051;0.009
330;K;78.8831;77.97999999999999;100.0;100.0;100.0;99.993;0.05;0.001
331;A;67.13456;75.94999999999999;94.73033884659475;72.72727272727273;94.029854;93.756;0.056;0.025
332;K;72.153604;76.72;92.59551072266868;81.81818181818183;79.10448;98.32499999999999;0.052;0.013
333;A;62.174916;82.79999999999998;93.78608845281862;72.72727272727273;89.55224;97.985;0.052;0.014
334;M;61.411554;75.72999999999999;82.27243363485604;81.81818181818183;73.13433;99.344;0.051;0.008
335;Q;65.20393;69.42999999999999;88.82765563038545;90.9090909090909;92.537315;61.76199999999999;0.09;0.054
336;V;57.842696000000004;66.94000000000001;97.67578060404448;81.81818181818183;79.10448;83.124;0.067;0.039
337;K;56.75698500000001;61.9;100.0;100.0;100.0;99.992;0.05;0.001
338;V;62.60126;53.71;96.59729739894388;90.9090909090909;94.029854;85.868;0.065;0.036
339;E;59.792286;53.98;100.0;100.0;100.0;99.993;0.05;0.001
340;A;56.707186;59.279999999999994;73.58935678546386;63.63636363636363;71.64179;0.002;0.291;0.082
341;L;58.506780000000006;50.33;56.050999712154805;63.63636363636363;25.373135;0.0;0.35;0.091
342;D;67.565197;51.239999999999995;89.9501991417181;81.81818181818183;85.07462;90.956;0.059;0.029
343;S;42.777857000000004;56.89000000000001;31.05645885425164;18.181818181818183;49.25373;0.011000000000000001;0.248;0.072
344;E;55.58225;49.08;68.28568907222645;81.81818181818183;52.238808;16.975;0.138;0.046
345;F;34.841105;36.32000000000001;75.10844305288497;81.81818181818183;55.22388;29.768;0.128;0.058
346;E;52.32341;44.42999999999999;72.01653625016463;81.81818181818183;62.686565;0.004;0.235;0.065
347;G;49.059504;50.15;53.41363987448747;54.54545454545454;53.731342;0.0;0.407;0.101
348;M;41.03554;50.26;57.81068225851874;54.54545454545454;64.17911;0.0;;
349;Q;38.97264;36.51;38.007143856715224;9.090909090909092;62.686565;0.0;;
350;K;40.198460000000004;39.64;91.56116167083559;90.9090909090909;97.01492;0.0;;
351;L;46.4439;40.5;29.932632514417186;27.27272727272727;64.17911;0.0;;
352;S;50.890905;39.77;56.64958531988452;36.36363636363637;68.656715;0.0;;
353;S;30.987024;37.089999999999996;68.18014583418059;45.45454545454545;86.56716;0.0;;
354;P;34.76705;31.080000000000002;76.40424753378593;90.9090909090909;89.55224;0.0;;
355;A;40.867975;30.089999999999996;65.29468052902116;9.090909090909092;50.74627;0.0;;
356;D;35.084435;30.22;56.668912144023665;9.090909090909092;79.10448;0.0;;
357;A;33.275887;31.080000000000002;47.93522581131122;9.090909090909092;67.16418;0.0;;
358;I;47.10945;30.55;60.92268072967412;18.181818181818183;53.731342;0.0;;
359;A;50.01892;30.74;56.56608014713706;27.27272727272727;58.208954;0.0;;
360;K;38.071468;23.01;72.29796730232613;36.36363636363637;79.10448;0.0;;
361;R;39.845335;21.36;61.84951588257203;36.36363636363637;77.61194;0.0;;
362;H;56.014894999999996;20.07;34.06092707462828;27.27272727272727;73.13433;0.0;;
363;F;55.10957;21.29;63.209749792001915;63.63636363636363;68.656715;0.0;;
364;D;47.316970000000005;27.27;41.5228719829464;0.0;62.686565;0.0;;
365;L;29.383117;22.23;64.83527601147097;9.090909090909092;70.149254;0.0;;
366;E;40.019765;25.660000000000004;31.468278979541576;0.0;73.13433;0.0;;
367;K;38.128522;26.4;56.992652272719;9.090909090909092;77.61194;0.0;;
368;H;42.903881999999996;25.97;11.555166346513394;0.0;65.67164;0.0;;
369;G;53.65278;37.61;24.109358597881105;9.090909090909092;35.820896;0.0;;
370;T;49.669999999999995;33.7;60.16617587399416;54.54545454545454;59.701492;0.0;;
371;S;50.062143999999996;35.790000000000006;38.183691019361795;27.27272727272727;35.820896;0.0;;
372;G;50.178473999999994;36.50000000000001;48.22965183179945;36.36363636363637;47.761192;0.0;;
373;M;45.317715;26.6;43.85412214415712;36.36363636363637;41.791046;0.0;0.464;0.104
374;A;39.316362;28.57;63.21954507377766;63.63636363636363;70.149254;0.001;0.301;0.082
375;H;44.778508;28.27;66.93358677635905;54.54545454545454;76.1194;93.169;0.057;0.026
376;S;41.31404;33.46;66.49370636002845;54.54545454545454;71.64179;0.0;0.427;0.103
377;S;48.382377999999996;30.580000000000002;60.651637845487414;54.54545454545454;71.64179;0.0;;
378;L;50.01855;28.060000000000002;6.441029687193979;18.181818181818183;56.71642;5.1610000000000005;0.179;0.063
379;P;58.001435;29.110000000000003;53.474294664546406;54.54545454545454;65.67164;3.0460000000000003;0.179;0.058
380;P;59.09827;28.560000000000002;100.0;100.0;100.0;99.84100000000001;0.05;0.004
381;F;39.142692000000004;24.240000000000002;69.57882451027415;72.72727272727273;68.656715;93.95599999999999;0.056;0.025
382;S;41.239177999999995;30.190000000000005;100.0;100.0;100.0;99.665;0.05;0.006
383;V;25.435475;24.740000000000002;85.80627274653529;81.81818181818183;82.089554;31.871;0.126;0.058
384;Q;35.78127;28.51;100.0;100.0;100.0;99.941;0.05;0.002
385;V;51.95771500000001;29.8;98.57082777304717;90.9090909090909;97.01492;99.57000000000001;0.05;0.007
386;T;32.486;31.189999999999998;90.01598102595368;63.63636363636363;88.0597;84.564;0.066;0.038
387;N;40.411192;25.73;86.2098045970518;81.81818181818183;88.0597;70.816;0.08;0.047
388;I;47.108984;34.42;94.73762332916466;72.72727272727273;85.07462;98.324;0.052;0.013
389;Q;29.298872;31.359999999999996;86.86872059536323;81.81818181818183;89.55224;68.362;0.083;0.05
390;D;48.967817000000004;32.15;85.9969141433794;90.9090909090909;92.537315;99.47399999999999;0.051;0.007
391;W;62.525666;17.03;100.0;100.0;100.0;99.178;0.051;0.009
392;S;53.35611;32.92;80.76352243396452;72.72727272727273;82.089554;0.308;0.226;0.074
393;L;44.499326;25.7;28.528355705556464;36.36363636363637;70.149254;0.0;;
394;K;48.84847;24.990000000000002;63.49489956987794;63.63636363636363;67.16418;0.0;;
395;S;49.003217;34.58;46.69632891089812;9.090909090909092;47.761192;0.0;;
396;E;47.531897;22.53;56.03223465296403;0.0;83.58209;0.0;;
397;H;41.325852000000005;21.72;22.21521906169218;36.36363636363637;64.17911;0.015;0.237;0.069
398;W;37.399188;19.83;86.78325847617592;90.9090909090909;97.01492;0.0;;
399;H;38.824382;22.32;73.6690113627906;90.9090909090909;88.0597;0.0;;
400;H;36.380288;23.46;19.492761592705428;0.0;56.71642;0.0;;
401;K;45.616525;19.91;79.02466211420791;54.54545454545454;82.089554;0.0;;
402;E;39.819235;18.410000000000004;53.61178413013493;54.54545454545454;73.13433;0.0;;
403;L;44.094813;19.240000000000002;42.68603611109484;45.45454545454545;71.64179;0.0;;
404;S;48.013413;25.229999999999997;36.03836606682302;45.45454545454545;35.820896;0.0;;
405;S;33.63101;23.140000000000004;5.001016187955896;0.0;35.820896;0.0;;
406;K;36.457460000000005;20.3;60.992777390696226;36.36363636363637;77.61194;0.28800000000000003;0.198;0.061
407;T;26.993176000000002;20.65;29.45424456144276;45.45454545454545;41.791046;0.0;0.339;0.089
408;Q;35.853747000000006;24.93;49.68267665120785;36.36363636363637;73.13433;0.0;;
409;S;48.209986;26.51;42.5260180249009;45.45454545454545;37.313435;0.0;;
410;S;38.73982;21.96;44.267204526274696;45.45454545454545;44.77612;0.0;;
411;F;27.657744;20.68;1.4182624879161194;45.45454545454545;40.298508;0.0;;
412;K;29.054937;28.109999999999996;65.67189962584344;63.63636363636363;80.597015;0.0;;
413;T;22.252095;29.1;56.51505501050289;72.72727272727273;64.17911;0.0;;
414;G;43.512997;27.869999999999997;41.682816749583694;0.0;67.16418;0.0;;
415;V;23.412524;26.590000000000003;40.31459997561993;9.090909090909092;59.701492;0.0;;
416;V;28.809884000000004;26.919999999999998;61.816625467933065;9.090909090909092;67.16418;0.0;;
417;E;20.920718;30.55;42.803535184182685;36.36363636363637;56.71642;0.0;;
418;V;31.651828;25.889999999999997;62.58793876413926;72.72727272727273;41.791046;0.0;;
419;K;33.871135;34.17;74.5632409396149;54.54545454545454;79.10448;0.0;;
420;D;29.448553999999998;32.55;72.8867602656742;90.9090909090909;86.56716;0.0;;
421;G;22.459139;33.48;44.465620960995736;36.36363636363637;53.731342;0.0;;
422;G;22.75012;36.1;12.835106374280933;45.45454545454545;31.343283;0.0;;
423;Y;16.208386;39.379999999999995;53.144417319725015;9.090909090909092;85.07462;0.0;;
424;K;20.965675;49.17;35.4157458864432;36.36363636363637;55.22388;0.0;;
425;V;16.208817;48.83;38.10077926029218;27.27272727272727;67.16418;0.0;;
426;S;19.555631;64.78999999999999;62.10062006718287;90.9090909090909;85.07462;0.0;;
427;E;19.979401;68.30999999999999;50.37156927113029;27.27272727272727;53.731342;0.0;;
428;A;16.650388;75.34;39.975235924135255;9.090909090909092;38.80597;0.0;;
429;E;15.834682;58.239999999999995;74.98929613594859;90.9090909090909;94.029854;0.0;;
430;N;14.4883;58.86;57.80716713963056;18.181818181818183;82.089554;0.0;;
431;L;16.532123000000002;78.03;68.47598233304622;18.181818181818183;88.0597;0.0;;
432;Y;19.94571;70.83;54.55192862873914;81.81818181818183;67.16418;0.0;;
433;L;13.372841;62.86;78.18471538323948;90.9090909090909;91.04478;0.0;;
434;K;15.869264;73.52000000000001;71.68087510002977;45.45454545454545;89.55224;0.0;;
435;Q;13.501050000000001;76.14000000000001;47.29400672757042;9.090909090909092;82.089554;0.0;;
436;G;13.636449;72.47999999999999;66.97503606240855;27.27272727272727;89.55224;0.0;;
437;I;13.089690000000001;76.41;62.609832300239674;18.181818181818183;85.07462;0.0;;
438;A;12.447155;87.04;63.76306980438501;27.27272727272727;86.56716;0.0;;
439;N;16.352011;83.03999999999999;41.501838764809165;18.181818181818183;76.1194;0.0;;
440;L;10.864432;66.61999999999999;62.09857081194868;18.181818181818183;88.0597;0.0;;
441;S;12.212523000000001;81.86000000000001;56.18903300841165;27.27272727272727;88.0597;0.0;;
442;A;17.888357;88.53999999999999;64.07926434849219;27.27272727272727;88.0597;0.0;;
443;E;18.91872;75.66;48.18538053403749;27.27272727272727;88.0597;0.0;;
444;V;31.955326;73.91999999999999;66.2930718768493;27.27272727272727;89.55224;0.0;;
445;V;26.756406;88.14;47.16376693094938;18.181818181818183;53.731342;0.0;;
446;S;16.418143;85.88999999999999;57.29673537553089;27.27272727272727;86.56716;0.0;;
447;L;35.2337;71.35999999999999;79.85165396524032;90.9090909090909;91.04478;0.0;;
448;K;27.721936000000003;78.26;82.43423248956238;90.9090909090909;94.029854;0.0;;
449;R;38.948172;87.09;81.15114552312632;81.81818181818183;86.56716;0.0;;
450;F;19.076164000000002;78.61;72.15824343643592;90.9090909090909;89.55224;0.0;;
451;I;22.194159;80.36000000000001;82.7655999620637;90.9090909090909;88.0597;0.0;;
452;A;15.054509999999999;88.95;58.270646958580826;27.27272727272727;40.298508;0.0;;
453;T;24.079107;89.43999999999998;64.83693229498071;63.63636363636363;77.61194;0.0;;
454;Q;20.923242000000002;83.93;39.31786016399211;9.090909090909092;64.17911;0.0;;
455;P;30.641945999999997;81.19000000000001;24.31091564152476;0.0;56.71642;0.0;;
456;I;26.40557;76.52;41.52288833478997;9.090909090909092;73.13433;0.0;;
457;S;29.018887999999997;77.7;59.71758361739386;27.27272727272727;85.07462;0.0;;
458;A;27.852559999999997;71.04;59.52113784356212;18.181818181818183;76.1194;0.0;;
459;S;32.309112;68.6;45.29357809827743;0.0;79.10448;0.0;;
460;D;39.7016;58.540000000000006;60.10707978386238;27.27272727272727;80.597015;0.0;;
461;S;45.65621;59.18000000000001;65.93001611395061;27.27272727272727;89.55224;0.0;;
462;R;42.439196;44.55;45.089401594790026;0.0;59.701492;0.0;;
