site,sequence position,residue,BEB prob classe 1,Best BEB prob,BEB prob classe 11,Best class,Postmean w,SD w
1,6,M,0.99994,0.99994,0.0,1,0.05,0.001
2,7,Q,0.99431,0.99431,0.0,1,0.051,0.008
3,8,T,1e-05,0.4757,0.0,3,0.299,0.084
4,9,I,0.02182,0.71318,0.0,2,0.177,0.054
5,10,K,0.99979,0.99979,0.0,1,0.05,0.001
6,11,K,0.56138,0.56138,0.0,1,0.095,0.053
7,12,E,0.99994,0.99994,0.0,1,0.05,0.001
8,18,P,0.0,0.43084,0.0,4,0.373,0.096
9,22,S,0.0,0.40134,0.0,5,0.461,0.101
10,23,D,0.00558,0.7667,0.0,2,0.173,0.046
11,24,K,0.02438,0.85504,0.0,2,0.16,0.038
12,25,M,0.0,0.43109,0.0,4,0.318,0.076
13,26,L,0.00025,0.55206,0.0,3,0.233,0.068
14,27,L,0.01251,0.62347,0.0,2,0.19,0.06
15,28,L,0.97503,0.97503,0.0,1,0.053,0.016
16,42,G,0.0,0.41202,0.0,4,0.402,0.095
17,43,E,0.41686,0.56447,0.0,2,0.11,0.053
18,44,D,1e-05,0.62029,0.0,3,0.265,0.067
19,45,L,0.003,0.5339,0.0,2,0.203,0.063
20,46,L,0.18876,0.6056,0.0,2,0.154,0.069
21,47,L,1e-05,0.5051,0.0,3,0.292,0.08
22,49,E,0.00015,0.5654,0.0,3,0.234,0.067
23,51,S,0.0,0.37943,0.0,4,0.416,0.097
24,52,M,0.0,0.38209,0.0,5,0.452,0.104
25,53,G,0.0,0.42301,0.0,3,0.316,0.083
26,54,K,0.99747,0.99747,0.0,1,0.05,0.005
27,58,S,0.00178,0.48943,0.0,3,0.245,0.08
28,59,A,0.0,0.42709,0.0,4,0.37,0.097
29,60,C,0.99696,0.99696,0.0,1,0.05,0.006
30,61,R,0.99668,0.99668,0.0,1,0.05,0.006
31,62,R,0.99955,0.99955,0.0,1,0.05,0.002
32,63,K,0.99993,0.99993,0.0,1,0.05,0.001
33,64,R,0.99716,0.99716,0.0,1,0.05,0.005
34,65,E,0.99993,0.99993,0.0,1,0.05,0.001
35,66,F,0.99922,0.99922,0.0,1,0.05,0.003
36,67,I,0.99978,0.99978,0.0,1,0.05,0.001
37,68,P,0.99829,0.99829,0.0,1,0.05,0.004
38,69,D,0.99879,0.99879,0.0,1,0.05,0.003
39,70,E,0.9994,0.9994,0.0,1,0.05,0.002
40,71,K,0.99984,0.99984,0.0,1,0.05,0.001
41,72,K,0.99993,0.99993,0.0,1,0.05,0.001
42,73,D,0.99996,0.99996,0.0,1,0.05,0.001
43,74,A,0.75199,0.75199,0.0,1,0.076,0.046
44,75,M,0.39438,0.57518,0.0,2,0.114,0.054
45,76,Y,0.99914,0.99914,0.0,1,0.05,0.003
46,77,W,0.99178,0.99178,0.0,1,0.051,0.009
47,78,E,0.99993,0.99993,0.0,1,0.05,0.001
48,79,K,0.99876,0.99876,0.0,1,0.05,0.004
49,80,R,0.99924,0.99924,0.0,1,0.05,0.003
50,81,R,0.99755,0.99755,0.0,1,0.05,0.005
51,82,K,0.99993,0.99993,0.0,1,0.05,0.001
52,83,N,0.99996,0.99996,0.0,1,0.05,0.001
53,84,N,0.99996,0.99996,0.0,1,0.05,0.001
54,85,E,0.99993,0.99993,0.0,1,0.05,0.001
55,86,A,0.99947,0.99947,0.0,1,0.05,0.002
56,87,A,0.99931,0.99931,0.0,1,0.05,0.003
57,88,K,0.99993,0.99993,0.0,1,0.05,0.001
58,89,R,0.99888,0.99888,0.0,1,0.05,0.003
59,90,S,0.99755,0.99755,0.0,1,0.05,0.005
60,91,R,0.9977,0.9977,0.0,1,0.05,0.005
61,92,E,0.99994,0.99994,0.0,1,0.05,0.001
62,93,K,0.99994,0.99994,0.0,1,0.05,0.001
63,94,R,0.99632,0.99632,0.0,1,0.05,0.006
64,95,R,0.99626,0.99626,0.0,1,0.05,0.006
65,96,L,0.94146,0.94146,0.0,1,0.056,0.025
66,97,N,0.99997,0.99997,0.0,1,0.05,0.001
67,98,D,0.99996,0.99996,0.0,1,0.05,0.001
68,99,L,0.99658,0.99658,0.0,1,0.05,0.006
69,100,V,0.99949,0.99949,0.0,1,0.05,0.002
70,101,L,0.99578,0.99578,0.0,1,0.05,0.007
71,102,E,0.99994,0.99994,0.0,1,0.05,0.001
72,103,N,0.99602,0.99602,0.0,1,0.05,0.006
73,104,K,0.99993,0.99993,0.0,1,0.05,0.001
74,105,L,0.98923,0.98923,0.0,1,0.051,0.011
75,106,I,0.97155,0.97155,0.0,1,0.053,0.017
76,107,A,0.99936,0.99936,0.0,1,0.05,0.003
77,108,L,0.99647,0.99647,0.0,1,0.05,0.006
78,109,G,0.99902,0.99902,0.0,1,0.05,0.003
79,110,E,0.99978,0.99978,0.0,1,0.05,0.001
80,111,E,0.99993,0.99993,0.0,1,0.05,0.001
81,112,N,0.99996,0.99996,0.0,1,0.05,0.001
82,113,A,0.84162,0.84162,0.0,1,0.066,0.039
83,114,T,0.03112,0.60975,0.0,2,0.188,0.065
84,115,L,0.99599,0.99599,0.0,1,0.05,0.006
85,116,K,0.99977,0.99977,0.0,1,0.05,0.002
86,117,A,0.34381,0.59268,0.0,2,0.122,0.058
87,118,E,0.99994,0.99994,0.0,1,0.05,0.001
88,119,L,0.99696,0.99696,0.0,1,0.05,0.006
89,120,L,0.9979,0.9979,0.0,1,0.05,0.005
90,121,S,0.92339,0.92339,0.0,1,0.058,0.028
91,122,L,0.98882,0.98882,0.0,1,0.051,0.011
92,123,K,0.99993,0.99993,0.0,1,0.05,0.001
93,124,L,0.98703,0.98703,0.0,1,0.051,0.012
94,125,K,0.99982,0.99982,0.0,1,0.05,0.001
95,126,F,0.99934,0.99934,0.0,1,0.05,0.003
96,127,G,0.99913,0.99913,0.0,1,0.05,0.003
97,128,L,0.99514,0.99514,0.0,1,0.05,0.007
98,129,I,0.91377,0.91377,0.0,1,0.059,0.029
99,130,S,0.99882,0.99882,0.0,1,0.05,0.003
100,131,S,0.76483,0.76483,0.0,1,0.076,0.048
101,132,T,0.08795,0.71816,0.0,2,0.162,0.056
102,133,A,0.00264,0.45811,0.0,2,0.214,0.068
103,134,Y,0.9992,0.9992,0.0,1,0.05,0.003
104,135,A,0.37837,0.5683,0.0,2,0.118,0.058
105,136,Q,0.99802,0.99802,0.0,1,0.05,0.004
106,137,E,0.99994,0.99994,0.0,1,0.05,0.001
107,138,I,0.69816,0.69816,0.0,1,0.082,0.049
108,139,Q,0.99543,0.99543,0.0,1,0.05,0.007
109,140,K,0.99503,0.99503,0.0,1,0.05,0.007
110,141,L,0.09775,0.64972,0.0,2,0.169,0.065
111,142,S,0.0363,0.70644,0.0,2,0.174,0.055
112,143,N,0.00287,0.65735,0.0,2,0.186,0.054
113,144,S,0.00847,0.46369,0.0,2,0.214,0.072
114,145,T,0.00926,0.57034,0.0,2,0.198,0.064
115,146,A,3e-05,0.54783,0.0,3,0.274,0.077
116,147,V,0.0,0.54225,0.0,3,0.287,0.075
117,148,Y,0.07088,0.69445,0.0,2,0.169,0.059
118,149,F,0.60037,0.60037,0.0,1,0.092,0.054
119,150,Q,0.99818,0.99818,0.0,1,0.05,0.004
120,151,D,0.16002,0.78702,0.0,2,0.139,0.045
121,152,Y,0.63487,0.63487,0.0,1,0.089,0.054
122,153,Q,0.0,0.44243,0.0,4,0.362,0.093
123,154,T,0.0,0.4252,0.0,4,0.385,0.096
124,156,K,1e-05,0.59719,0.0,3,0.265,0.07
125,157,A,0.0,0.29608,0.00024,6,0.61,0.127
126,160,S,0.0,0.37993,0.0,4,0.418,0.095
127,161,S,0.0,0.40094,0.0,4,0.394,0.101
128,162,F,0.03908,0.71197,0.0,2,0.173,0.055
129,163,V,0.0,0.36952,0.0,5,0.485,0.11
130,164,D,2e-05,0.60931,0.0,3,0.252,0.067
131,165,E,0.88188,0.88188,0.0,1,0.062,0.033
132,171,V,0.02029,0.60815,0.0,2,0.191,0.063
133,172,A,0.0,0.43804,0.0,4,0.343,0.088
134,173,G,0.03525,0.78371,0.0,2,0.166,0.047
135,174,S,0.96381,0.96381,0.0,1,0.054,0.019
136,175,C,0.99682,0.99682,0.0,1,0.05,0.006
137,176,I,0.9998,0.9998,0.0,1,0.05,0.001
138,177,S,0.99714,0.99714,0.0,1,0.05,0.005
139,178,V,0.99932,0.99932,0.0,1,0.05,0.003
140,179,I,0.99974,0.99974,0.0,1,0.05,0.002
141,180,K,0.99981,0.99981,0.0,1,0.05,0.001
142,181,H,0.99982,0.99982,0.0,1,0.05,0.001
143,182,S,0.99658,0.99658,0.0,1,0.05,0.006
144,183,P,0.99467,0.99467,0.0,1,0.051,0.007
145,184,Q,0.03422,0.72785,0.0,2,0.172,0.053
146,185,S,0.21783,0.71565,0.0,2,0.135,0.052
147,186,S,0.12866,0.6655,0.0,2,0.16,0.063
148,187,L,0.36,0.54924,0.0,2,0.124,0.063
149,188,S,0.34876,0.55829,0.0,2,0.125,0.063
150,211,P,0.05361,0.66578,0.0,2,0.176,0.061
151,212,E,0.0,0.61027,0.0,3,0.27,0.069
152,218,I,0.97506,0.97506,0.0,1,0.053,0.016
153,219,K,0.99994,0.99994,0.0,1,0.05,0.001
154,220,Q,0.99401,0.99401,0.0,1,0.051,0.008
155,221,E,0.99994,0.99994,0.0,1,0.05,0.001
156,222,P,0.9476,0.9476,0.0,1,0.055,0.023
157,223,V,0.0,0.53729,0.0,3,0.295,0.07
158,224,E,0.99935,0.99935,0.0,1,0.05,0.003
159,225,L,0.00025,0.52313,0.0,3,0.259,0.08
160,230,R,0.6179,0.6179,0.0,1,0.091,0.054
161,231,E,0.85128,0.85128,0.0,1,0.065,0.036
162,241,T,0.0,0.4402,0.0,4,0.361,0.093
163,242,S,0.01251,0.62164,0.0,2,0.19,0.061
164,243,I,5e-05,0.51643,0.0,3,0.285,0.08
165,244,Y,0.81588,0.81588,0.0,1,0.069,0.041
166,245,Q,0.00061,0.51868,0.0,3,0.241,0.075
167,246,S,0.21992,0.74526,0.0,2,0.132,0.047
168,247,Y,0.25279,0.64713,0.0,2,0.135,0.059
169,248,M,0.0,0.66684,0.0,3,0.261,0.061
170,249,G,0.01116,0.6147,0.0,2,0.191,0.06
171,250,S,0.0,0.49196,0.0,4,0.358,0.083
172,251,S,0.0,0.42393,0.0,4,0.351,0.094
173,252,F,0.9912,0.9912,0.0,1,0.051,0.009
174,253,S,0.0,0.33199,0.0,6,0.571,0.119
175,254,T,0.0,0.40953,0.0,4,0.402,0.096
176,255,Y,0.79955,0.79955,0.0,1,0.071,0.043
177,256,S,0.08037,0.62056,0.0,2,0.177,0.068
178,259,P,0.69635,0.69635,0.0,1,0.083,0.051
179,261,L,0.00749,0.43727,0.0,2,0.219,0.074
180,262,L,0.76716,0.76716,0.0,1,0.075,0.048
181,263,Q,0.86127,0.86127,0.0,1,0.064,0.036
182,264,V,1e-05,0.55304,0.0,3,0.282,0.075
183,265,H,0.00102,0.48704,0.0,2,0.208,0.063
184,266,G,0.85263,0.85263,0.0,1,0.065,0.037
185,267,S,0.97214,0.97214,0.0,1,0.053,0.017
186,268,T,0.92742,0.92742,0.0,1,0.058,0.028
187,269,S,0.99907,0.99907,0.0,1,0.05,0.003
188,270,N,0.99877,0.99877,0.0,1,0.05,0.004
189,271,S,0.9976,0.9976,0.0,1,0.05,0.005
190,272,P,0.99822,0.99822,0.0,1,0.05,0.004
191,273,R,0.99814,0.99814,0.0,1,0.05,0.004
192,274,T,0.9838,0.9838,0.0,1,0.052,0.013
193,275,S,0.99573,0.99573,0.0,1,0.05,0.007
194,278,D,0.99654,0.99654,0.0,1,0.05,0.006
195,279,E,0.25937,0.71419,0.0,2,0.127,0.048
196,280,G,0.11328,0.73343,0.0,2,0.155,0.054
197,281,V,0.00263,0.46433,0.0,2,0.213,0.067
198,282,V,0.98422,0.98422,0.0,1,0.052,0.013
199,283,G,0.97393,0.97393,0.0,1,0.053,0.016
200,284,K,0.99994,0.99994,0.0,1,0.05,0.001
201,285,S,0.00079,0.4824,0.0,3,0.269,0.087
202,286,S,0.97276,0.97276,0.0,1,0.053,0.017
203,287,D,0.99988,0.99988,0.0,1,0.05,0.001
204,288,G,0.9247,0.9247,0.0,1,0.058,0.027
205,289,E,0.99993,0.99993,0.0,1,0.05,0.001
206,290,D,0.99996,0.99996,0.0,1,0.05,0.001
207,291,E,0.99994,0.99994,0.0,1,0.05,0.001
208,292,Q,0.99948,0.99948,0.0,1,0.05,0.002
209,293,Q,0.99756,0.99756,0.0,1,0.05,0.005
210,294,V,0.99941,0.99941,0.0,1,0.05,0.002
211,295,P,0.9982,0.9982,0.0,1,0.05,0.004
212,296,K,0.99979,0.99979,0.0,1,0.05,0.001
213,297,G,0.99916,0.99916,0.0,1,0.05,0.003
214,298,P,0.94379,0.94379,0.0,1,0.056,0.024
215,299,I,0.00517,0.67347,0.0,2,0.184,0.054
216,300,H,0.67507,0.67507,0.0,1,0.084,0.051
217,301,S,0.04429,0.64074,0.0,2,0.181,0.063
218,305,L,0.00055,0.51655,0.0,3,0.256,0.079
219,306,Q,0.00173,0.55624,0.0,2,0.2,0.061
220,307,R,0.00011,0.58102,0.0,3,0.253,0.071
221,308,V,0.0,0.44581,0.0,3,0.311,0.083
222,309,H,0.03964,0.77943,0.0,2,0.165,0.048
223,310,A,0.00016,0.55632,0.0,3,0.251,0.074
224,311,T,0.26368,0.6416,0.0,2,0.134,0.059
225,313,V,0.12049,0.73391,0.0,2,0.153,0.054
226,314,K,0.99977,0.99977,0.0,1,0.05,0.002
227,315,V,0.99845,0.99845,0.0,1,0.05,0.004
228,316,P,0.99475,0.99475,0.0,1,0.051,0.007
229,317,E,0.99833,0.99833,0.0,1,0.05,0.004
230,318,V,0.00056,0.52395,0.0,3,0.237,0.073
231,319,N,0.00338,0.68644,0.0,2,0.183,0.052
232,320,P,0.84315,0.84315,0.0,1,0.067,0.04
233,322,A,0.99939,0.99939,0.0,1,0.05,0.002
234,323,L,0.99623,0.99623,0.0,1,0.05,0.006
235,324,P,0.9983,0.9983,0.0,1,0.05,0.004
236,325,H,0.99982,0.99982,0.0,1,0.05,0.001
237,326,K,0.99994,0.99994,0.0,1,0.05,0.001
238,327,L,0.99787,0.99787,0.0,1,0.05,0.005
239,328,R,0.9964,0.9964,0.0,1,0.05,0.006
240,329,I,0.99201,0.99201,0.0,1,0.051,0.009
241,330,K,0.99993,0.99993,0.0,1,0.05,0.001
242,331,A,0.93756,0.93756,0.0,1,0.056,0.025
243,332,K,0.98325,0.98325,0.0,1,0.052,0.013
244,333,A,0.97985,0.97985,0.0,1,0.052,0.014
245,334,M,0.99344,0.99344,0.0,1,0.051,0.008
246,335,Q,0.61762,0.61762,0.0,1,0.09,0.054
247,336,V,0.83124,0.83124,0.0,1,0.067,0.039
248,337,K,0.99992,0.99992,0.0,1,0.05,0.001
249,338,V,0.85868,0.85868,0.0,1,0.065,0.036
250,339,E,0.99993,0.99993,0.0,1,0.05,0.001
251,340,A,2e-05,0.50081,0.0,3,0.291,0.082
252,341,L,0.0,0.43871,0.0,4,0.35,0.091
253,342,D,0.90956,0.90956,0.0,1,0.059,0.029
254,343,S,0.00011,0.56424,0.0,3,0.248,0.072
255,344,E,0.16975,0.77823,0.0,2,0.138,0.046
256,345,F,0.29768,0.62468,0.0,2,0.128,0.058
257,346,E,4e-05,0.58667,0.0,3,0.235,0.065
258,347,G,0.0,0.38857,0.0,4,0.407,0.101
259,373,M,0.0,0.3915,0.0,5,0.464,0.104
260,374,A,1e-05,0.47921,0.0,3,0.301,0.082
261,375,H,0.93169,0.93169,0.0,1,0.057,0.026
262,376,S,0.0,0.35577,0.0,5,0.427,0.103
263,378,L,0.05161,0.64744,0.0,2,0.179,0.063
264,379,P,0.03046,0.67782,0.0,2,0.179,0.058
265,380,P,0.99841,0.99841,0.0,1,0.05,0.004
266,381,F,0.93956,0.93956,0.0,1,0.056,0.025
267,382,S,0.99665,0.99665,0.0,1,0.05,0.006
268,383,V,0.31871,0.60995,0.0,2,0.126,0.058
269,384,Q,0.99941,0.99941,0.0,1,0.05,0.002
270,385,V,0.9957,0.9957,0.0,1,0.05,0.007
271,386,T,0.84564,0.84564,0.0,1,0.066,0.038
272,387,N,0.70816,0.70816,0.0,1,0.08,0.047
273,388,I,0.98324,0.98324,0.0,1,0.052,0.013
274,389,Q,0.68362,0.68362,0.0,1,0.083,0.05
275,390,D,0.99474,0.99474,0.0,1,0.051,0.007
276,391,W,0.99178,0.99178,0.0,1,0.051,0.009
277,392,S,0.00308,0.46586,0.0,3,0.226,0.074
278,397,H,0.00015,0.56099,0.0,3,0.237,0.069
279,406,K,0.00288,0.56973,0.0,2,0.198,0.061
280,407,T,0.0,0.42662,0.0,4,0.339,0.089
